tick_id,ms
1,15.5798
2,12.1366
3,13.0571
4,13.7843
5,16.0248
6,10.1386
7,10.2112
8,8.7306
9,15.8247
10,8.6538
11,8.4459
12,10.6048
13,9.2984
14,13.4425
15,13.6768
16,14.1494
17,15.3728
18,19.7783
19,14.0734
20,13.5828
21,13.2294
22,18.4180
23,12.7897
24,13.8562
25,40.3417
26,15.1372
27,12.3659
28,41.2787
29,14.4200
30,17.7219
31,13.6071
32,12.1108
33,14.9887
34,13.6826
35,12.8392
36,11.4180
37,12.2761
38,14.6984
39,12.9573
40,31.5817
41,14.8580
42,18.2831
43,12.9927
44,23.1412
45,13.2139
46,18.8100
47,17.5680
48,18.0044
49,17.8047
50,15.3240
51,17.3634
52,14.2332
53,16.2667
54,13.5564
55,14.7046
56,15.0683
57,12.1096
58,15.7176
59,23.0839
60,13.5609
61,17.5017
62,13.8426
63,16.0896
64,14.7340
65,14.2179
66,15.1719
67,13.0840
68,17.9678
69,14.2845
70,15.2208
71,14.9740
72,10.5499
73,15.1483
74,17.0980
75,17.0947
76,15.9490
77,14.9661
78,14.2936
79,14.7749
80,17.4408
81,17.0938
82,15.6498
83,16.2980
84,16.8416
85,15.2827
86,15.5470
87,14.1690
88,12.3964
89,18.9155
90,16.2562
91,16.3716
92,13.1128
93,16.1789
94,17.6076
95,16.9276
96,16.1016
97,13.3601
98,14.3930
99,15.3912
100,14.0897
101,18.5245
102,13.5457
103,16.8700
104,15.9998
105,13.5897
106,16.6163
107,16.5026
108,15.5395
109,16.8896
110,18.3566
111,18.2780
112,17.1671
113,18.2369
114,17.6261
115,18.2968
116,14.9273
117,19.7827
118,19.7296
119,54.6029
120,20.5942
121,22.4809
122,17.9649
123,20.7156
124,21.3540
125,19.2049
126,20.5209
127,18.8095
128,19.4807
129,20.4589
130,18.8644
131,20.2156
132,20.1176
133,17.0697
134,21.1611
135,16.7095
136,18.6447
137,20.1480
138,21.6162
139,19.2657
140,19.1429
141,18.5205
142,16.2520
143,18.1997
144,20.6721
145,21.8296
146,18.6276
147,20.4144
148,17.2382
149,16.9388
150,17.4707
151,17.3656
152,16.9163
153,20.1998
154,19.2375
155,20.2254
156,18.4254
157,17.3843
158,18.9877
159,19.1352
160,18.5471
161,17.5431
162,18.5201
163,25.0843
164,17.0741
165,17.7462
166,18.7574
167,22.7122
168,17.0786
169,23.4163
170,17.9195
171,18.1001
172,18.0707
173,18.7081
174,19.5812
175,19.4105
176,18.7441
177,19.5313
178,20.3316
179,23.5873
180,18.3579
181,18.4952
182,23.1016
183,19.1337
184,17.8578
185,18.8636
186,18.8846
187,17.7405
188,23.1914
189,18.7245
190,16.3677
191,19.2649
192,16.4358
193,18.9399
194,18.9258
195,30.2379
196,19.1831
197,18.6713
198,19.6517
199,22.9005
200,9.7260
201,17.9503
202,17.1985
203,25.0350
204,34.0007
205,19.7980
206,23.1998
207,20.2215
208,18.2715
209,27.1458
210,21.7050
211,22.8821
212,24.8088
213,35.4016
214,19.3217
215,29.1180
216,32.8414
217,20.2444
218,27.7750
219,24.2641
220,19.3015
221,21.0194
222,18.3625
223,20.0351
224,21.7352
225,16.9378
226,18.5778
227,20.2232
228,19.2942
229,19.0421
230,20.2785
231,25.4717
232,21.9520
233,19.4767
234,21.2860
235,35.7609
236,19.2583
237,17.7378
238,22.2108
239,23.5953
240,33.3184
241,43.6650
242,26.3023
243,21.6825
244,24.7267
245,20.4729
246,19.2837
247,29.0525
248,24.6496
249,26.3551
250,29.2285
251,30.9695
252,25.5651
253,26.6120
254,20.8121
255,26.7498
256,25.0869
257,21.7661
258,20.0451
259,26.5995
260,16.7315
261,25.5245
262,29.2245
263,16.8232
264,23.3326
265,17.1125
266,22.5392
267,20.2617
268,29.7307
269,22.1301
270,23.7734
271,24.5890
272,25.7391
273,22.7831
274,22.8808
275,23.8789
276,26.1193
277,25.8506
278,21.0644
279,31.1183
280,25.3162
281,20.6122
282,22.4329
283,41.1440
284,27.2546
285,27.3128
286,38.7276
287,24.5531
288,31.6587
289,28.3440
290,57.9179
291,40.6004
292,29.6037
293,21.7322
294,21.7612
295,23.2260
296,23.9597
297,23.9757
298,27.9745
299,24.8725
300,23.0544
301,26.9486
302,25.8254
303,27.4838
304,23.9225
305,25.0199
306,24.2811
307,33.8101
308,25.3067
309,25.8807
310,22.1478
311,23.3180
312,23.4901
313,22.4746
314,22.2496
315,24.7828
316,22.1073
317,25.3597
318,20.8078
319,20.5911
320,20.2974
321,22.9613
322,22.8418
323,23.1423
324,18.7545
325,17.2910
326,18.4532
327,24.4747
328,15.8040
329,17.3708
330,45.6072
331,26.8440
332,12.0345
333,47.8842
334,36.5669
335,12.6027
336,28.5014
337,28.7506
338,14.0259
339,11.7606
340,16.1127
341,22.7996
342,15.6095
343,16.4709
344,13.8775
345,15.6223
346,13.3113
347,25.3886
348,19.4356
349,16.1295
350,15.3780
351,20.1045
352,25.5300
353,17.8302
354,17.5739
355,18.2745
356,25.2782
357,17.5168
358,21.0116
359,17.9916
360,16.4180
361,26.8398
362,15.9044
363,34.1892
364,40.5243
365,12.6914
366,19.2564
367,40.2423
368,61.9801
369,19.0060
370,55.4574
371,31.5632
372,24.7575
373,40.1252
374,23.0175
375,19.2947
376,27.2058
377,25.7485
378,20.9096
379,22.5659
380,20.1678
381,22.9753
382,21.1598
383,22.6348
384,20.4160
385,25.1095
386,20.4060
387,22.8011
388,18.8209
389,24.7089
390,21.0644
391,22.1778
392,20.0432
393,59.8862
394,17.9282
395,26.4382
396,27.2275
397,20.9792
398,21.5486
399,23.1635
400,22.7549
401,28.2067
402,20.0053
403,23.2702
404,21.8982
405,19.5334
406,17.1644
407,24.6919
408,20.7430
409,18.7959
410,19.6374
411,32.6646
412,21.9447
413,29.0943
414,20.4069
415,22.9848
416,20.9689
417,20.4667
418,20.6962
419,22.1820
420,29.7126
421,22.7791
422,20.7718
423,21.2864
424,22.3731
425,23.4565
426,22.1050
427,24.1910
428,20.2942
429,21.3221
430,21.9126
431,23.3560
432,21.4775
433,21.1640
434,21.2847
435,20.7914
436,23.2514
437,20.8878
438,21.9012
439,22.7533
440,24.2387
441,22.5380
442,22.4324
443,20.5391
444,21.1341
445,21.9534
446,21.1034
447,20.5890
448,19.4556
449,20.4281
450,20.2613
451,21.9964
452,15.2213
453,16.9971
454,10.5266
455,19.5767
456,18.4694
457,15.3353
458,19.9090
459,19.6503
460,18.3046
461,21.3202
462,15.7564
463,20.5042
464,20.8861
465,18.8111
466,22.1469
467,19.5482
468,20.9633
469,19.0295
470,18.7049
471,22.1059
472,17.6883
473,21.1085
474,20.9314
475,21.4255
476,21.1366
477,17.9000
478,31.1154
479,26.0915
480,23.3562
481,26.7235
482,36.9430
483,30.1940
484,16.1636
485,27.9684
486,16.8378
487,17.9706
488,24.2172
489,18.9696
490,22.8113
491,26.8769
492,23.7510
493,19.7237
494,29.0549
495,20.6440
496,30.7325
497,21.7009
498,17.3614
499,24.6686
500,18.3585
501,18.6377
502,17.8415
503,18.5961
504,19.2486
505,15.5066
506,22.3310
507,26.8416
508,16.4839
509,18.7254
510,17.9951
511,33.1644
512,17.2173
513,20.7217
514,21.7825
515,17.6433
516,16.8080
517,16.8539
518,19.2425
519,21.2611
520,22.1197
521,18.0413
522,22.0429
523,21.3264
524,18.2612
525,22.3901
526,20.1342
527,20.7415
528,22.6888
529,21.9646
530,20.6521
531,23.2662
532,17.3549
533,22.3934
534,19.7434
535,22.2831
536,20.8660
537,21.3949
538,33.3759
539,23.8024
540,24.9539
541,21.5929
542,20.5539
543,19.0554
544,18.8426
545,19.6775
546,20.0191
547,17.1158
548,21.5208
549,15.5053
550,16.9691
551,20.3173
552,19.2553
553,20.0098
554,17.6473
555,19.6923
556,21.0268
557,16.1700
558,20.1169
559,17.3219
560,15.9507
561,18.0499
562,16.8468
563,17.1015
564,15.6886
565,14.4777
566,19.5590
567,16.1745
568,20.3744
569,20.2105
570,20.8248
571,21.0132
572,20.6963
573,19.6540
574,18.8871
575,20.2270
576,20.5925
577,21.1642
578,18.8990
579,18.7760
580,20.2774
581,19.9166
582,19.4731
583,19.9068
584,20.1995
585,21.0510
586,22.2674
587,17.7297
588,21.3394
589,21.4153
590,20.0785
591,21.8242
592,19.1253
593,19.7768
594,20.2919
595,18.5621
596,19.9311
597,15.1842
598,19.9026
599,20.2849
600,21.6040
601,19.0852
602,19.7699
603,21.9544
604,16.3732
605,18.9072
606,17.3868
607,17.0435
608,16.7756
609,14.5932
610,16.7315
611,13.8803
612,16.2700
613,14.2588
614,12.2162
615,14.2234
616,13.7205
617,12.8659
618,15.7982
619,16.6050
620,14.9447
621,21.4341
622,15.5882
623,18.7546
624,20.4579
625,17.1952
626,16.5616
627,19.5277
628,18.5409
629,15.8309
630,16.3915
631,16.9984
632,14.7138
633,14.3186
634,14.0603
635,13.9780
636,13.8341
637,19.4394
638,11.5764
639,17.5149
640,13.6427
641,17.8967
642,16.5135
643,14.8030
644,14.5864
645,13.2759
646,15.6624
647,19.0507
648,18.9590
649,16.8180
650,14.9167
651,12.9370
652,17.1717
653,14.7882
654,21.9197
655,14.9628
656,18.1575
657,17.6404
658,18.7933
659,17.9087
660,12.7676
661,18.2223
662,18.4345
663,18.3023
664,19.7387
665,17.2973
666,16.7478
667,18.3404
668,15.7442
669,15.7944
670,19.9013
671,19.3452
672,21.5702
673,18.4470
674,21.1614
675,18.1552
676,17.4653
677,17.4143
678,17.8013
679,19.3281
680,16.3653
681,21.6476
682,25.8655
683,18.9610
684,15.8679
685,17.9128
686,18.4382
687,12.7322
688,15.3883
689,16.1177
690,16.7410
691,14.9082
692,15.3549
693,20.1742
694,15.9941
695,15.1364
696,17.0626
697,18.3422
698,15.6413
699,17.4380
700,15.5562
701,17.2937
702,15.5411
703,21.9614
704,26.7086
705,14.7904
706,19.9040
707,18.0054
708,20.4687
709,18.3957
710,16.5069
711,19.4376
712,16.7503
713,17.2056
714,21.9588
715,18.5310
716,20.5786
717,20.9936
718,19.4728
719,21.6265
720,18.1057
721,24.9087
722,22.0243
723,22.2551
724,18.9084
725,17.6323
726,19.7578
727,16.4046
728,22.5847
729,17.9169
730,14.9467
731,18.3998
732,19.8190
733,20.0060
734,15.1387
735,18.8455
736,17.9681
737,19.4180
738,17.5815
739,18.0000
740,19.5596
741,16.3399
742,16.2198
743,14.4272
744,16.5636
745,16.2273
746,9.6182
747,16.2209
748,17.7017
749,16.2694
750,13.7363
751,16.0836
752,12.5974
753,11.0012
754,15.8919
755,11.2051
756,16.4837
757,11.9792
758,13.4235
759,16.4428
760,12.9766
761,12.1313
762,13.0490
763,13.1512
764,12.9542
765,17.4100
766,16.8313
767,11.4891
768,12.9643
769,11.3505
770,14.2103
771,14.5654
772,14.2971
773,16.4465
774,17.2459
775,13.5112
776,17.4935
777,16.9806
778,12.2160
779,19.8788
780,14.9117
781,18.5568
782,18.0622
783,17.9979
784,18.3762
785,19.6249
786,15.4578
787,20.6537
788,20.1024
789,17.8789
790,41.4376
791,27.3457
792,21.9189
793,22.7931
794,20.0193
795,22.8957
796,20.7745
797,20.8499
798,22.1780
799,22.3790
800,20.2912
801,21.7133
802,18.3328
803,19.7438
804,20.2335
805,20.4896
806,19.5497
807,20.5497
808,18.5825
809,16.9906
810,19.0318
811,16.4420
812,15.1642
813,16.6068
814,16.8175
815,16.0135
816,16.6867
817,16.9000
818,14.6627
819,20.5248
820,15.6602
821,19.0425
822,14.5194
823,17.5620
824,18.0284
825,14.3047
826,14.6037
827,16.6121
828,19.5924
829,17.6936
830,17.2110
831,17.6023
832,16.6503
833,17.6317
834,18.1583
835,18.7316
836,16.7747
837,14.7168
838,15.8765
839,18.0737
840,18.7106
841,21.6999
842,20.4161
843,18.9463
844,22.7599
845,18.4328
846,17.9972
847,18.0727
848,20.5661
849,17.1936
850,15.5734
851,15.9405
852,19.9469
853,19.6943
854,19.6493
855,19.6328
856,19.9616
857,18.3560
858,17.0317
859,17.7158
860,16.6847
861,15.0856
862,19.1022
863,15.8151
864,14.6726
865,18.5843
866,13.3835
867,13.1198
868,19.7008
869,14.1309
870,13.8739
871,13.7060
872,13.1568
873,14.6109
874,15.1386
875,11.5609
876,18.4119
877,13.1416
878,17.0285
879,11.9225
880,11.6738
881,13.2065
882,14.6521
883,15.1123
884,15.0409
885,13.4039
886,13.9580
887,15.9285
888,13.1209
889,14.5016
890,13.2230
891,15.6848
892,10.4639
893,10.2722
894,11.0364
895,10.0480
896,11.1571
897,9.3905
898,9.8202
899,14.6720
900,13.1045
901,9.2347
902,9.9431
903,12.8832
904,14.4097
905,14.0693
906,15.5810
907,17.5289
908,16.8528
909,14.1172
910,13.9291
911,14.8869
912,15.0075
913,12.8801
914,10.1466
915,15.9683
916,17.6579
917,15.2857
918,18.4770
919,17.0128
920,19.4938
921,11.1739
922,11.6949
923,12.3270
924,13.4808
925,15.9038
926,16.3951
927,17.7508
928,14.5916
929,12.5670
930,14.3803
931,18.9741
932,14.4435
933,19.7301
934,14.8840
935,17.6072
936,14.7596
937,16.8626
938,18.3439
939,14.7092
940,18.1648
941,15.3411
942,17.2318
943,18.3073
944,16.1445
945,20.1292
946,18.3456
947,15.2696
948,14.3604
949,14.7046
950,15.0417
951,16.7742
952,18.7580
953,16.3617
954,14.6432
955,19.3186
956,17.0585
957,18.1168
958,17.3204
959,19.4904
960,15.5560
961,18.9052
962,15.5853
963,13.9645
964,17.0749
965,15.6728
966,20.7472
967,21.0221
968,19.8483
969,18.1142
970,17.1159
971,14.1202
972,12.9435
973,12.6641
974,14.7080
975,15.7844
976,14.4127
977,17.1541
978,13.9589
979,19.7628
980,19.8287
981,15.4626
982,13.6697
983,15.7855
984,17.6103
985,19.3482
986,15.8270
987,23.8503
988,14.2902
989,15.5067
990,13.9981
991,15.8236
992,16.0108
993,17.2367
994,19.3893
995,18.9574
996,21.7516
997,16.8330
998,17.9947
999,17.6711
1000,17.4369
1001,15.1429
1002,15.8379
1003,13.7369
1004,17.8724
1005,18.5136
1006,18.4816
1007,11.8061
1008,21.3764
1009,15.6810
1010,19.8025
1011,19.5099
1012,15.4643
1013,11.9476
1014,9.6600
1015,13.0573
1016,9.3352
1017,11.6772
1018,11.9528
1019,11.7301
1020,10.9422
1021,13.4167
1022,12.4221
1023,11.2909
1024,10.2683
1025,17.2838
1026,15.5669
1027,17.5166
1028,21.5207
1029,16.4495
1030,15.0715
1031,16.8508
1032,11.3575
1033,11.1501
1034,12.8110
1035,10.1551
1036,16.1592
1037,15.0988
1038,19.7142
1039,20.9744
1040,17.8407
1041,15.8867
1042,19.9116
1043,13.1410
1044,17.5031
1045,15.0083
1046,17.6098
1047,16.8621
1048,13.5578
1049,15.5608
1050,13.2836
1051,18.6054
1052,13.5799
1053,18.7300
1054,16.9302
1055,18.5289
1056,15.7790
1057,16.2905
1058,17.3882
1059,17.2703
1060,16.3763
1061,17.8901
1062,16.1343
1063,16.9282
1064,19.1576
1065,20.4550
1066,17.0163
1067,18.7516
1068,20.0862
1069,17.8557
1070,21.8670
1071,16.5353
1072,18.0734
1073,19.6287
1074,18.0476
1075,18.0258
1076,21.7620
1077,17.4917
1078,18.9219
1079,14.3292
1080,18.9594
1081,15.6839
1082,17.1978
1083,18.2293
1084,15.5037
1085,15.1626
1086,17.6358
1087,18.6499
1088,19.9592
1089,21.3569
1090,14.3135
1091,19.1820
1092,19.4907
1093,15.6687
1094,18.0600
1095,16.0157
1096,18.4554
1097,19.2990
1098,19.8801
1099,20.6259
1100,17.2809
1101,17.1161
1102,20.7311
1103,20.3750
1104,20.4960
1105,16.3932
1106,20.0338
1107,21.6950
1108,22.2434
1109,18.5532
1110,19.8546
1111,18.3913
1112,15.5614
1113,16.4424
1114,16.6436
1115,16.9410
1116,19.0772
1117,17.1740
1118,19.2781
1119,13.6187
1120,17.9428
1121,13.3026
1122,11.8711
1123,13.2733
1124,13.3623
1125,17.7606
1126,16.0586
1127,12.3408
1128,14.7112
1129,10.3847
1130,9.8094
1131,10.5674
1132,10.3110
1133,10.0520
1134,12.7964
1135,12.5458
1136,11.8539
1137,10.6106
1138,10.9760
1139,10.2463
1140,9.2030
1141,10.4905
1142,10.4785
1143,11.4262
1144,10.9667
1145,14.1622
1146,10.7388
1147,11.1503
1148,10.6243
1149,10.5907
1150,10.9203
1151,10.3227
1152,14.9879
1153,16.4598
1154,15.7532
1155,16.0950
1156,16.4615
1157,14.2831
1158,18.3165
1159,21.6448
1160,18.6493
1161,16.9603
1162,22.4709
1163,22.8079
1164,17.8023
1165,16.4924
1166,17.6129
1167,18.0955
1168,20.4552
1169,18.4576
1170,21.2728
1171,21.1615
1172,20.5998
1173,21.6795
1174,20.1626
1175,21.1789
1176,19.0062
1177,20.4532
1178,18.8418
1179,18.9666
1180,16.2406
1181,14.5716
1182,13.3559
1183,15.8408
1184,18.3927
1185,14.9793
1186,17.2424
1187,15.3683
1188,18.4928
1189,18.4673
1190,31.5216
1191,21.1477
1192,14.4066
1193,18.0531
1194,20.2043
1195,14.1557
1196,14.0773
1197,17.7273
1198,14.1075
1199,17.9363
1200,14.9001
1201,20.7972
1202,18.2265
1203,17.6442
1204,16.9198
1205,13.8553
1206,18.8341
1207,21.9164
1208,18.3565
1209,18.6885
1210,18.2418
1211,18.9880
1212,17.9542
1213,22.0851
1214,21.5705
1215,12.9265
1216,12.6110
1217,15.5629
1218,12.7130
1219,15.5502
1220,17.0644
1221,16.8559
1222,19.2144
1223,18.4184
1224,14.8782
1225,12.6410
1226,17.2364
1227,18.9622
1228,18.7340
1229,16.4738
1230,16.0951
1231,15.9952
1232,17.2165
1233,16.8422
1234,15.3906
1235,18.1455
1236,13.8546
1237,11.7831
1238,13.6865
1239,11.7161
1240,17.8040
1241,14.7713
1242,16.3464
1243,13.4087
1244,17.5876
1245,13.3689
1246,9.6216
1247,14.6452
1248,9.8578
1249,11.7048
1250,14.7484
1251,12.6620
1252,11.5126
1253,11.1413
1254,10.2596
1255,13.1544
1256,13.9065
1257,11.1827
1258,12.4047
1259,10.9094
1260,12.1010
1261,12.7138
1262,13.4600
1263,14.8891
1264,17.4135
1265,15.4414
1266,13.3908
1267,18.3944
1268,15.8336
1269,19.2796
1270,16.9132
1271,18.2590
1272,19.7363
1273,19.1352
1274,21.2823
1275,16.9936
1276,17.9195
1277,17.8916
1278,16.7145
1279,18.0474
1280,20.1935
1281,19.0732
1282,16.7113
1283,21.4875
1284,16.3234
1285,17.7541
1286,17.9088
1287,19.2787
1288,18.6374
1289,17.8998
1290,20.3829
1291,14.7026
1292,15.1097
1293,17.3149
1294,14.5892
1295,14.5422
1296,16.3069
1297,17.5762
1298,17.6775
1299,18.3494
1300,18.9627
1301,16.0006
1302,13.5186
1303,18.1022
1304,16.5495
1305,14.2911
1306,12.2233
1307,16.3161
1308,19.5105
1309,15.6959
1310,14.8242
1311,16.8995
1312,16.9709
1313,17.2780
1314,20.3344
1315,15.4033
1316,20.0134
1317,17.4554
1318,14.0579
1319,18.3983
1320,20.4482
1321,18.7529
1322,19.6285
1323,20.8602
1324,14.8818
1325,13.7989
1326,19.4050
1327,19.3619
1328,16.0264
1329,17.8067
1330,18.0313
1331,15.7603
1332,14.9353
1333,18.6233
1334,16.1224
1335,21.9632
1336,16.6892
1337,17.5573
1338,15.3878
1339,15.6002
1340,16.6005
1341,16.6974
1342,14.6408
1343,17.8781
1344,17.1178
1345,14.7518
1346,16.3043
1347,18.5846
1348,16.8317
1349,12.6458
1350,15.5068
1351,16.2122
1352,12.5871
1353,14.4595
1354,12.8538
1355,11.4253
1356,12.1228
1357,12.4691
1358,11.4808
1359,17.0026
1360,16.5605
1361,10.4353
1362,11.2345
1363,13.6832
1364,11.8230
1365,13.9353
1366,14.9587
1367,13.7466
1368,13.2262
1369,10.6896
1370,11.0666
1371,13.5154
1372,12.3881
1373,14.0533
1374,15.2274
1375,19.5808
1376,17.3612
1377,15.5773
1378,15.1284
1379,15.6935
1380,15.1277
1381,16.3365
1382,19.7569
1383,17.9147
1384,17.5506
1385,18.6554
1386,15.9821
1387,13.8760
1388,17.3760
1389,22.2167
1390,13.8400
1391,16.5327
1392,21.1680
1393,16.8537
1394,17.8197
1395,14.6604
1396,16.7647
1397,11.6535
1398,16.2361
1399,15.4284
1400,12.3698
1401,18.3174
1402,13.3156
1403,17.6786
1404,14.5335
1405,15.4404
1406,15.2357
1407,15.0069
1408,18.3073
1409,14.1726
1410,17.1960
1411,18.5942
1412,18.2623
1413,16.8744
1414,16.9904
1415,13.6467
1416,19.6243
1417,16.7992
1418,15.5936
1419,19.5796
1420,16.7196
1421,16.4718
1422,14.6709
1423,18.9863
1424,14.6626
1425,20.4498
1426,21.9101
1427,16.8919
1428,17.5460
1429,19.3531
1430,19.3761
1431,18.4843
1432,13.0724
1433,17.3498
1434,16.9816
1435,16.7504
1436,16.0270
1437,13.6177
1438,16.7735
1439,21.6830
1440,15.4544
1441,19.2902
1442,16.9821
1443,16.3259
1444,14.6038
1445,20.0846
1446,18.3252
1447,18.0863
1448,15.4513
1449,19.3410
1450,16.6603
1451,16.7713
1452,16.9336
1453,15.9526
1454,17.6264
1455,20.3963
1456,18.0009
1457,18.4941
1458,14.9281
1459,17.7709
1460,13.2315
1461,15.0354
1462,15.6903
1463,17.7252
1464,13.4596
1465,10.5496
1466,11.0368
1467,14.5464
1468,12.6759
1469,12.0803
1470,10.3189
1471,10.4735
1472,9.8609
1473,10.3112
1474,10.4136
1475,9.9820
1476,10.8519
1477,10.8176
1478,11.4537
1479,11.9038
1480,11.4269
1481,14.2700
1482,12.4923
1483,10.3901
1484,18.0108
1485,18.8946
1486,19.4673
1487,22.1356
1488,17.2793
1489,21.6646
1490,20.6982
1491,22.0883
1492,23.8304
1493,20.2725
1494,20.1450
1495,17.9091
1496,15.8607
1497,16.6412
1498,18.9136
1499,15.9154
1500,21.0302
1501,19.3059
1502,16.8994
1503,18.6368
1504,13.8706
1505,17.2288
1506,17.2234
1507,17.4728
1508,16.7286
1509,18.4901
1510,16.1428
1511,15.1558
1512,18.3162
1513,17.3874
1514,18.4455
1515,11.9054
1516,15.8413
1517,13.7715
1518,16.8673
1519,14.7165
1520,14.3014
1521,13.2470
1522,13.7395
1523,14.5651
1524,14.2863
1525,17.8602
1526,14.5626
1527,15.3501
1528,15.5289
1529,17.1812
1530,13.7555
1531,16.2586
1532,18.5688
1533,17.3348
1534,17.1558
1535,17.5432
1536,14.7437
1537,12.3312
1538,19.2598
1539,18.2877
1540,13.7174
1541,14.1972
1542,21.9655
1543,15.4719
1544,19.4844
1545,19.5497
1546,17.7749
1547,19.5889
1548,17.2557
1549,21.1113
1550,14.6374
1551,17.0071
1552,15.9218
1553,15.4346
1554,17.2629
1555,15.7220
1556,19.0210
1557,18.2036
1558,17.9590
1559,20.4899
1560,16.6308
1561,20.9611
1562,21.4213
1563,15.2977
1564,19.2585
1565,15.9429
1566,19.6849
1567,15.8231
1568,20.2816
1569,18.0383
1570,19.0466
1571,18.0711
1572,13.0892
1573,15.3876
1574,15.0867
1575,11.4963
1576,14.1542
1577,11.4016
1578,11.5967
1579,9.8797
1580,12.8296
1581,10.6733
1582,9.2563
1583,14.4158
1584,14.4844
1585,11.4568
1586,12.1294
1587,9.9749
1588,11.2118
1589,9.1637
1590,13.5122
1591,10.6687
1592,13.1385
1593,13.9554
1594,11.7093
1595,12.8629
1596,13.8341
1597,18.6459
1598,19.3802
1599,22.7689
1600,16.5159
1601,15.3016
1602,14.5574
1603,16.6493
1604,20.1299
1605,13.1575
1606,18.4516
1607,18.7699
1608,14.6701
1609,12.3142
1610,17.8906
1611,17.2368
1612,18.4159
1613,17.6102
1614,14.0397
1615,17.0974
1616,14.4698
1617,11.9718
1618,17.1438
1619,18.1394
1620,12.6659
1621,14.5792
1622,13.8662
1623,13.3759
1624,12.5574
1625,18.0609
1626,13.6776
1627,14.6674
1628,17.6835
1629,13.9564
1630,16.3878
1631,14.4710
1632,11.4117
1633,15.3309
1634,18.2383
1635,14.7624
1636,14.0722
1637,16.0924
1638,15.3854
1639,24.4291
1640,18.0996
1641,18.0710
1642,18.0319
1643,15.1605
1644,16.1537
1645,19.9245
1646,18.6395
1647,19.4509
1648,17.6269
1649,17.2017
1650,19.3492
1651,18.5558
1652,13.6283
1653,19.4813
1654,19.2464
1655,20.5514
1656,24.5167
1657,21.6087
1658,20.2716
1659,20.0259
1660,16.5998
1661,17.7064
1662,19.9785
1663,15.5477
1664,20.7252
1665,18.1210
1666,17.8361
1667,16.5994
1668,17.5469
1669,18.8588
1670,21.8219
1671,18.5222
1672,16.7772
1673,17.9931
1674,19.1297
1675,15.3467
1676,17.8018
1677,17.7399
1678,12.9172
1679,16.3023
1680,16.5070
1681,18.3247
1682,15.2166
1683,14.4056
1684,10.3686
1685,12.9331
1686,14.8400
1687,15.0460
1688,11.9415
1689,10.9958
1690,9.9845
1691,11.4070
1692,11.1790
1693,14.4897
1694,15.1984
1695,11.7541
1696,12.4793
1697,11.1793
1698,13.7673
1699,12.4006
1700,16.0189
1701,18.0334
1702,18.5530
1703,14.4457
1704,11.2252
1705,16.4232
1706,10.8246
1707,16.1273
1708,20.9279
1709,15.5917
1710,17.5241
1711,19.9920
1712,17.1926
1713,12.3693
1714,19.5042
1715,16.9219
1716,18.5742
1717,17.7242
1718,20.5759
1719,13.8880
1720,14.0162
1721,19.0124
1722,14.1872
1723,13.5280
1724,16.8982
1725,15.9559
1726,14.0795
1727,14.7513
1728,13.5440
1729,14.2201
1730,14.1319
1731,17.3068
1732,14.4393
1733,16.9657
1734,20.8246
1735,18.1692
1736,18.7440
1737,13.5376
1738,15.7405
1739,19.1032
1740,18.3302
1741,17.4959
1742,19.7741
1743,16.8280
1744,17.0232
1745,18.3414
1746,16.6679
1747,21.7012
1748,23.3388
1749,20.1854
1750,18.9826
1751,20.7164
1752,21.5747
1753,22.0195
1754,21.4037
1755,17.9545
1756,19.6662
1757,18.5533
1758,19.0258
1759,19.1824
1760,16.9417
1761,17.3903
1762,19.6792
1763,18.3122
1764,17.5585
1765,14.1105
1766,15.3470
1767,17.9746
1768,17.7622
1769,18.2508
1770,16.1334
1771,17.7360
1772,18.8968
1773,20.3192
1774,19.6004
1775,19.5554
1776,18.2755
1777,17.8857
1778,16.7915
1779,21.0103
1780,17.3397
1781,13.9533
1782,20.2272
1783,20.5209
1784,18.0007
1785,12.9171
1786,13.6013
1787,14.4493
1788,12.9541
1789,11.4855
1790,12.7535
1791,13.4385
1792,9.4380
1793,10.5413
1794,12.6721
1795,11.3013
1796,11.1677
1797,10.7904
1798,10.9548
1799,11.9684
1800,12.4321
1801,13.1606
1802,10.6126
1803,10.6365
1804,11.0347
1805,15.9687
1806,18.6678
1807,18.3251
1808,13.9815
1809,13.6318
1810,15.2647
1811,15.9263
1812,14.1124
1813,18.5741
1814,14.4956
1815,13.8264
1816,16.1071
1817,15.5756
1818,19.3566
1819,19.8673
1820,19.6839
1821,19.7819
1822,15.4814
1823,17.1396
1824,17.7882
1825,17.2601
1826,14.1749
1827,13.5647
1828,13.7145
1829,13.3287
1830,18.6145
1831,15.4584
1832,14.7659
1833,14.8934
1834,14.8052
1835,17.4216
1836,11.9527
1837,21.2861
1838,14.8038
1839,17.1313
1840,16.9237
1841,13.5118
1842,14.4472
1843,14.5733
1844,13.6085
1845,13.5962
1846,13.7171
1847,12.4257
1848,14.9247
1849,15.3917
1850,17.8341
1851,16.4836
1852,22.2388
1853,18.8645
1854,18.9849
1855,19.6111
1856,19.7364
1857,15.6486
1858,22.3316
1859,19.3984
1860,19.8733
1861,21.2701
1862,17.0179
1863,21.1780
1864,19.3229
1865,19.9916
1866,19.9551
1867,19.4262
1868,20.5405
1869,19.9486
1870,15.7666
1871,19.5733
1872,19.7456
1873,19.8109
1874,18.5573
1875,16.8080
1876,19.3376
1877,19.9797
1878,21.5067
1879,16.3440
1880,19.7743
1881,19.4741
1882,17.6714
1883,20.1633
1884,21.5853
1885,18.0074
1886,15.7565
1887,21.3658
1888,25.8548
1889,19.0049
1890,16.0545
1891,14.6850
1892,18.0622
1893,18.6513
1894,17.3945
1895,16.6143
1896,18.2835
1897,13.4472
1898,13.9132
1899,17.9266
1900,14.6018
1901,15.0184
1902,14.0247
1903,14.1658
1904,11.9393
1905,12.9892
1906,13.6369
1907,11.1925
1908,10.9412
1909,11.2997
1910,12.7957
1911,11.3748
1912,11.9489
1913,11.2037
1914,13.6340
1915,11.3673
1916,10.7028
1917,9.7539
1918,10.6059
1919,12.5932
1920,10.8953
1921,11.6711
1922,9.8840
1923,11.6896
1924,10.7380
1925,10.3584
1926,11.3243
1927,9.8400
1928,13.3487
1929,19.7899
1930,13.5034
1931,11.0715
1932,15.9737
1933,14.3915
1934,13.7258
1935,18.6145
1936,15.8871
1937,13.6281
1938,13.2910
1939,14.4847
1940,17.6858
1941,19.4908
1942,14.0174
1943,19.5571
1944,20.1545
1945,19.1931
1946,17.3238
1947,15.2214
1948,17.0560
1949,17.7971
1950,16.5078
1951,19.0613
1952,14.4295
1953,15.4848
1954,20.5743
1955,18.7103
1956,21.2608
1957,17.5914
1958,13.7858
1959,17.5518
1960,16.8291
1961,19.3981
1962,13.2777
1963,18.5332
1964,18.3465
1965,18.9483
1966,16.8982
1967,17.5023
1968,20.9985
1969,13.3447
1970,15.0792
1971,17.2070
1972,22.3351
1973,17.7855
1974,17.5378
1975,19.9428
1976,23.0813
1977,17.8806
1978,20.5541
1979,20.3315
1980,22.1022
1981,19.4876
1982,16.9200
1983,19.9582
1984,18.0611
1985,21.2157
1986,17.8918
1987,21.1879
1988,16.6600
1989,17.1260
1990,17.9395
1991,17.5864
1992,17.9657
1993,18.1912
1994,19.1086
1995,16.2616
1996,19.3680
1997,15.4726
1998,18.6618
1999,16.3169
2000,19.2550
2001,16.8681
2002,18.2043
2003,19.8141
2004,14.5907
2005,16.1683
2006,18.0420
2007,15.7835
2008,15.2729
2009,14.4760
2010,16.8945
2011,18.1144
2012,17.7368
2013,12.7509
2014,15.4113
2015,17.4535
2016,13.2549
2017,13.6855
2018,16.8699
2019,11.2578
2020,9.7738
2021,10.9116
2022,8.9871
2023,11.8374
2024,13.8916
2025,13.5198
2026,16.6844
2027,12.6398
2028,12.8832
2029,16.3470
2030,10.2692
2031,11.4259
2032,10.8840
2033,14.2204
2034,11.4291
2035,10.9892
2036,9.7432
2037,11.6452
2038,11.8617
2039,11.0476
2040,11.2775
2041,11.0749
2042,10.0325
2043,14.9898
2044,12.1607
2045,16.2649
2046,16.8194
2047,12.5785
2048,12.4187
2049,12.5553
2050,16.8939
2051,13.6541
2052,13.1761
2053,12.6872
2054,15.6455
2055,15.4877
2056,11.1566
2057,14.8994
2058,18.6189
2059,18.3779
2060,21.5266
2061,18.2129
2062,22.1600
2063,22.8598
2064,19.3113
2065,20.5738
2066,19.8391
2067,20.2188
2068,22.0868
2069,20.6967
2070,19.1470
2071,18.1868
2072,17.7254
2073,21.6594
2074,20.4351
2075,20.6781
2076,17.2264
2077,19.9373
2078,19.9518
2079,19.9716
2080,19.9777
2081,20.1872
2082,20.5012
2083,15.3810
2084,16.6793
2085,16.6330
2086,19.4020
2087,17.9149
2088,20.8680
2089,22.5928
2090,18.3838
2091,17.7582
2092,19.7250
2093,20.5143
2094,18.3106
2095,23.0551
2096,17.9165
2097,18.4710
2098,15.7822
2099,17.1431
2100,15.0060
2101,21.9812
2102,15.3978
2103,15.1758
2104,15.5728
2105,14.3910
2106,16.0869
2107,18.5662
2108,18.4362
2109,17.1385
2110,18.6694
2111,16.4539
2112,15.4446
2113,15.3775
2114,19.7642
2115,14.2094
2116,15.3017
2117,15.4844
2118,17.6515
2119,17.0453
2120,16.7332
2121,17.8205
2122,15.5130
2123,13.6974
2124,15.0069
2125,11.1286
2126,9.8264
2127,10.1788
2128,12.8714
2129,13.6721
2130,14.3928
2131,13.7467
2132,12.6971
2133,16.1390
2134,15.7643
2135,15.4569
2136,13.9588
2137,12.5024
2138,14.3491
2139,10.3521
2140,13.9509
2141,12.6896
2142,10.1623
2143,8.5246
2144,9.8028
2145,10.5992
2146,9.4365
2147,11.1807
2148,12.7480
2149,15.8601
2150,12.6153
2151,14.1432
2152,13.0976
2153,14.2276
2154,17.9141
2155,18.5325
2156,13.0161
2157,13.8417
2158,14.4915
2159,12.4149
2160,10.1727
2161,14.8785
2162,17.1557
2163,12.9894
2164,18.8664
2165,15.9656
2166,15.4998
2167,16.3122
2168,21.2964
2169,17.1783
2170,21.1316
2171,18.3024
2172,20.6653
2173,15.1023
2174,18.9577
2175,16.6005
2176,22.0422
2177,15.6913
2178,16.0711
2179,18.7549
2180,18.3615
2181,18.9690
2182,15.2267
2183,15.5894
2184,19.3828
2185,13.8394
2186,15.9594
2187,19.6156
2188,17.2244
2189,18.6489
2190,20.1177
2191,17.5928
2192,17.9007
2193,20.1021
2194,15.3332
2195,18.3966
2196,19.8517
2197,20.0171
2198,17.7844
2199,15.6783
2200,18.4355
2201,19.2104
2202,16.3913
2203,15.8787
2204,22.0243
2205,18.4404
2206,20.7594
2207,21.4080
2208,21.5905
2209,20.6727
2210,17.2696
2211,17.4068
2212,13.7941
2213,14.9851
2214,22.1646
2215,15.1294
2216,18.9151
2217,20.0026
2218,16.0182
2219,17.0548
2220,20.0604
2221,15.7150
2222,14.3597
2223,20.8365
2224,16.0271
2225,17.3303
2226,17.9644
2227,14.0433
2228,16.7481
2229,18.2719
2230,15.7183
2231,16.3035
2232,16.0406
2233,15.5032
2234,17.5940
2235,20.4297
2236,15.1502
2237,15.5297
2238,15.8253
2239,14.0695
2240,20.0293
2241,13.6708
2242,17.6756
2243,14.9229
2244,12.8727
2245,11.8920
2246,12.8281
2247,14.4037
2248,15.0471
2249,12.4045
2250,11.3249
2251,11.7466
2252,8.7995
2253,8.5677
2254,9.2983
2255,9.7863
2256,11.5006
2257,10.6801
2258,11.0289
2259,13.7639
2260,12.0031
2261,10.6586
2262,12.7258
2263,12.1516
2264,11.5626
2265,12.7298
2266,14.1606
2267,15.8804
2268,13.3735
2269,11.6606
2270,13.9383
2271,13.6887
2272,11.6547
2273,17.4435
2274,16.0695
2275,17.0266
2276,21.0497
2277,16.1609
2278,18.8264
2279,19.2531
2280,20.9983
2281,23.3751
2282,18.4429
2283,21.1423
2284,16.8791
2285,20.4133
2286,18.4021
2287,15.9269
2288,21.6910
2289,20.6832
2290,17.6118
2291,21.8192
2292,23.0465
2293,20.1843
2294,18.7061
2295,18.9706
2296,19.6610
2297,19.8787
2298,18.4745
2299,19.9037
2300,21.6524
2301,14.6567
2302,14.8038
2303,17.6828
2304,15.8147
2305,17.2794
2306,11.3835
2307,20.0235
2308,16.4468
2309,16.9762
2310,16.5137
2311,16.3249
2312,17.5924
2313,15.5350
2314,19.9051
2315,16.0067
2316,18.8530
2317,16.9419
2318,19.5103
2319,16.7368
2320,15.2117
2321,13.5980
2322,13.0526
2323,15.5221
2324,12.0890
2325,16.0098
2326,16.2034
2327,13.2548
2328,18.2234
2329,14.6868
2330,13.8775
2331,20.1519
2332,16.2820
2333,14.0446
2334,18.7626
2335,15.2181
2336,14.3447
2337,21.2914
2338,19.4911
2339,20.4405
2340,20.1162
2341,21.0616
2342,20.9477
2343,19.8267
2344,15.5773
2345,20.0214
2346,17.6016
2347,17.3535
2348,18.4072
2349,14.7009
2350,12.2934
2351,10.9627
2352,11.6818
2353,15.3926
2354,13.7545
2355,16.6863
2356,13.7690
2357,12.9852
2358,10.8821
2359,13.0356
2360,14.2249
2361,11.6534
2362,10.0634
2363,11.5598
2364,8.9209
2365,9.8180
2366,9.2332
2367,8.0996
2368,11.0282
2369,13.5115
2370,25.4787
2371,20.0527
2372,18.0217
2373,11.6275
2374,17.0050
2375,13.7707
2376,18.4848
2377,15.4339
2378,14.6741
2379,15.6134
2380,14.3358
2381,17.0894
2382,16.5665
2383,16.6666
2384,19.4037
